authority_rank	status	role	pointer	supersession_note
0	PACKAGE-CONTROL	start	00-START-HERE-CURRENT.md	V17 current pointer
0.01	PACKAGE-CONTROL	machine current state	PACKAGE-STATE-V17.tsv	V17 machine-readable state
0.02	PACKAGE-CONTROL	terminology/supersession guard	TERMINOLOGY-AND-SUPERSESSION-GUARD-V17.tsv	V17 status and CRP guard
0.021	PACKAGE-CONTROL	V17 changelog	V17-CHANGELOG-NAVAL-CRP-CONSOLIDATION.md	Summary of V17 additions
0.022	PACKAGE-CONTROL	V17 validation report	V17-VALIDATION-REPORT.md	Base preservation and package checks
0.023	PACKAGE-CONTROL	V17 package inventory	PACKAGE-INVENTORY-V17.tsv	File inventory
0.024	PACKAGE-CONTROL	V17 SHA256 manifest	FULL-PACKAGE-MANIFEST-SHA256-V17.tsv	Per-file size/hash manifest
0.025	PACKAGE-CONTROL	V17 SHA256 sums	SHA256SUMS-V17.txt	Plain SHA256 list
0.03	CURRENT-HIGHEST	V17 session handoff	85-CURRENT-2026-09-12-NAVAL-CRP-CONSOLIDATION-V17/00-SESSION-HANDOFF-V17.md	Highest technical/session authority; replay clock unchanged
0.04	CURRENT-HIGHEST	V17 decision register	85-CURRENT-2026-09-12-NAVAL-CRP-CONSOLIDATION-V17/01-CONSOLIDATED-DECISION-REGISTER-V17.tsv	Explicit current/working/reopen/gate statuses
0.05	CURRENT-HIGH	China/Indochina/US working closeout	85-CURRENT-2026-09-12-NAVAL-CRP-CONSOLIDATION-V17/02-CHINA-INDOCHINA-US-SANCTIONS-WORKING-CLOSEOUT-V1.md	No replay-clock advance
0.06	CURRENT-HIGHEST	submarine consolidation	85-CURRENT-2026-09-12-NAVAL-CRP-CONSOLIDATION-V17/03-SUBMARINE-TECHNICAL-AND-PROCUREMENT-CONSOLIDATION-V1.md	Submarine machinery/procurement closeout
0.07	CURRENT-HIGHEST	submarine Type95/FCS closeout	85-CURRENT-2026-09-12-NAVAL-CRP-CONSOLIDATION-V17/04-SUBMARINE-TORPEDO-FIRE-CONTROL-CLOSEOUT-V1.md	FCS1-3 and practical-range guard
0.08	CURRENT-HIGHEST	Type91 aerial torpedo consolidation	85-CURRENT-2026-09-12-NAVAL-CRP-CONSOLIDATION-V17/05-AERIAL-TORPEDO-TYPE91-CONSOLIDATION-V1.md	Retains V10 release/qualification bands
0.09	CURRENT-HIGHEST	surface Type93 integration	85-CURRENT-2026-09-12-NAVAL-CRP-CONSOLIDATION-V17/06-SURFACE-TYPE93-EMPLOYMENT-AND-SHIP-INTEGRATION-CLOSEOUT-V1.md	System employment, not body uplift
0.10	CURRENT-HIGHEST	surface fleet/shadow carrier audit	85-CURRENT-2026-09-12-NAVAL-CRP-CONSOLIDATION-V17/07-SURFACE-FLEET-ARCHITECTURE-AND-SHADOW-CARRIER-AUDIT-V1.md	Preserves V14 carrier-GT rejection
0.11	CURRENT-HIGHEST	auxiliary fleet closeout	85-CURRENT-2026-09-12-NAVAL-CRP-CONSOLIDATION-V17/08-AUXILIARY-FLEET-REPAIR-REPLENISHMENT-CLOSEOUT-V1.md	Akashi/Mizuho/Nisshin/replenishment
0.12	CURRENT-HIGHEST	marine diesel consolidation	85-CURRENT-2026-09-12-NAVAL-CRP-CONSOLIDATION-V17/09-MARINE-DIESEL-CONSOLIDATION-V1.md	Ownership/Type11/Type13/Yamato/Taiho guard
0.13	CURRENT-HIGHEST	CRP common technology closeout	85-CURRENT-2026-09-12-NAVAL-CRP-CONSOLIDATION-V17/10-CONTRA-ROTATING-PROPELLER-COMMON-TECHNOLOGY-CLOSEOUT-V1.md	Reopens old deterministic E15K->N1K fallback
0.14	CURRENT-NEXT	E15K Shiun next gate	85-CURRENT-2026-09-12-NAVAL-CRP-CONSOLIDATION-V17/11-E15K-SHIUN-NEXT-GATE-V1.md	Next principal technical audit
0.15	CURRENT-NEXT	V17 open items	85-CURRENT-2026-09-12-NAVAL-CRP-CONSOLIDATION-V17/12-OPEN-ITEMS-AND-NEXT-GATES-V17.tsv	Future decisions only
0.16	CURRENT-HIGHEST	V17 branch guard/clocks	85-CURRENT-2026-09-12-NAVAL-CRP-CONSOLIDATION-V17/13-BRANCH-GUARD-AND-CURRENT-CLOCKS-V17.md	Replay clock stays 1940-07-31
0.17	PACKAGE-CONTROL	V17 topic coverage	85-CURRENT-2026-09-12-NAVAL-CRP-CONSOLIDATION-V17/14-V17-TOPIC-COVERAGE-CHECKLIST.tsv	Coverage audit
0.18	PROVENANCE	V17 historical anchor notes	85-CURRENT-2026-09-12-NAVAL-CRP-CONSOLIDATION-V17/15-HISTORICAL-ANCHOR-NOTES-V17.md	Historical constraints/provenance only
0.20	CURRENT-REPLAY	V16 replay handoff	84-CURRENT-2026-09-11-THREAD-CONSOLIDATION-V16/00-SESSION-HANDOFF-V16.md	Highest replay-state authority through 1940-07-31
0	PROVENANCE-V16	start	00-START-HERE-CURRENT.md	V16 current pointer
0.01	PROVENANCE-V16	machine current state	PACKAGE-STATE-V16.tsv	V16 machine-readable state
0.02	PROVENANCE-V16	terminology/supersession guard	TERMINOLOGY-AND-SUPERSESSION-GUARD-V16.tsv	V16 status and counting guard
0.021	PROVENANCE-V16	V16 changelog	V16-CHANGELOG-THREAD-CONSOLIDATION.md	Summary of V16 additions
0.022	PROVENANCE-V16	V16 validation report	V16-VALIDATION-REPORT.md	Base preservation and pointer/TSV checks
0.023	PROVENANCE-V16	V16 package inventory	PACKAGE-INVENTORY-V16.tsv	File inventory with inherited/new/modified role
0.024	PROVENANCE-V16	V16 SHA256 manifest	FULL-PACKAGE-MANIFEST-SHA256-V16.tsv	Per-file size/hash manifest
0.025	PROVENANCE-V16	V16 SHA256 sums	SHA256SUMS-V16.txt	Plain SHA256 list
0.03	CURRENT-REPLAY	V16 session handoff	84-CURRENT-2026-09-11-THREAD-CONSOLIDATION-V16/00-SESSION-HANDOFF-V16.md	Current replay/router authority through 1940-07-31
0.04	CURRENT-REPLAY	V16 decision register	84-CURRENT-2026-09-11-THREAD-CONSOLIDATION-V16/01-CONSOLIDATED-DECISION-REGISTER-V16.tsv	Explicit current/working/gate/analysis statuses
0.05	CURRENT-REPLAY	1940 opening audit	84-CURRENT-2026-09-11-THREAD-CONSOLIDATION-V16/02-1940-OPENING-CONSOLIDATION-AUDIT-V2.md	National resource sanity / double-count guard
0.06	CURRENT-REPLAY	1940 fielding gates	84-CURRENT-2026-09-11-THREAD-CONSOLIDATION-V16/03-1940-WEAPON-FIELDING-GATES-V2.tsv	Supersedes mandatory pre-1940 review gate where explicit
0.07	CURRENT-REPLAY	1940 replay chronology	84-CURRENT-2026-09-11-THREAD-CONSOLIDATION-V16/04-1940-REPLAY-CHRONOLOGY-THROUGH-1940-07-31-V1.md	China/current-strategy replay through July 31
0.08	CURRENT-REPLAY	1940-07-31 replay state	84-CURRENT-2026-09-11-THREAD-CONSOLIDATION-V16/05-1940-REPLAY-STATE-1940-07-31-V1.tsv	Structured current endpoint
0.09	CURRENT-REPLAY	airpower sustainment close	84-CURRENT-2026-09-11-THREAD-CONSOLIDATION-V16/06-AIRPOWER-SUSTAINMENT-FUEL-TRAINING-AIRFIELD-CLOSEOUT-V1.md	GT life/spares/training/airfield/warning working closure
0.10	CURRENT-REPLAY	middle-distillate close	84-CURRENT-2026-09-11-THREAD-CONSOLIDATION-V16/07-MIDDLE-DISTILLATE-DIESEL-GT-FUEL-INDUSTRY-CLOSEOUT-V1.md	fuel grades, Palembang, HDS/dewax/FT, stock/consumption
0.11	CURRENT-REPLAY	ground/logistics/Nanjing close	84-CURRENT-2026-09-11-THREAD-CONSOLIDATION-V16/08-GROUND-LOGISTICS-MERCHANT-NANJING-CLOSEOUT-V1.md	non-stacking logistics rules
0.12	CURRENT-REPLAY	northern/Finland/SIGINT gate	84-CURRENT-2026-09-11-THREAD-CONSOLIDATION-V16/09-NORTHERN-GATE-FINLAND-SIGINT-SOVIET-RETENTION-V1.md	anti-Soviet pressure / future-transfer gate
0.13	ANALYSIS-ONLY	foreign intelligence / airpower notes	84-CURRENT-2026-09-11-THREAD-CONSOLIDATION-V16/10-ANALYSIS-ONLY-FOREIGN-INTELLIGENCE-AIRPOWER-NOTES-V1.md	Do not promote automatically
0.14	CURRENT-REPLAY	Hundred Regiments pre-gate	84-CURRENT-2026-09-11-THREAD-CONSOLIDATION-V16/11-HUNDRED-REGIMENTS-PRE-GATE-LOGISTICS-NANJING-HELICOPTER-V1.md	Next replay rules
0.15	CURRENT-REPLAY	V16 open items	84-CURRENT-2026-09-11-THREAD-CONSOLIDATION-V16/12-OPEN-ITEMS-AND-NEXT-GATES-V16.tsv	Future decisions only
0.16	CURRENT-REPLAY	branch guard	84-CURRENT-2026-09-11-THREAD-CONSOLIDATION-V16/13-THREAD-PROVENANCE-AND-BRANCH-GUARD-V16.md	Prevents branch-gap contamination
0.17	CURRENT-REPLAY	China cumulative working delta	84-CURRENT-2026-09-11-THREAD-CONSOLIDATION-V16/14-CHINA-CUMULATIVE-DELTA-THROUGH-1940-06-12-V1.tsv	State divergence only; not future multiplier
0.18	CURRENT-REPLAY	V16 clocks	84-CURRENT-2026-09-11-THREAD-CONSOLIDATION-V16/15-CURRENT-CLOCKS-V16.tsv	Current theater clocks
0.19	CURRENT-REPLAY	thread topic coverage checklist	84-CURRENT-2026-09-11-THREAD-CONSOLIDATION-V16/16-THREAD-TOPIC-COVERAGE-CHECKLIST-V16.tsv	Branch-gap completeness audit
0.2	CURRENT-HIGHEST	naval/marine closeout handoff	82-CURRENT-2026-09-09-NAVAL-MARINE-CLOSE/00-NAVAL-MARINE-CLOSEOUT-HANDOFF-V14.md	V14 highest naval/marine authority through prewar boundary
0.3	CURRENT-HIGHEST	marine GT rating/life qualification	82-CURRENT-2026-09-09-NAVAL-MARINE-CLOSE/02-MARINE-GT-RATING-LIFE-AND-QUALIFICATION-CLOSEOUT-V1.md	M1/M2/M3 and derating/life guard
0.4	CURRENT-HIGHEST	Yokosuka propulsion test ship	82-CURRENT-2026-09-09-NAVAL-MARINE-CLOSE/03-YOKOSUKA-PROPULSION-TEST-SHIP-CLOSEOUT-V1.md	1938 requirement -> 1941 full trials; working number not locked
0.5	CURRENT-HIGHEST	carrier GT / low-speed STOL carrier decision	82-CURRENT-2026-09-09-NAVAL-MARINE-CLOSE/07-LOW-SPEED-STOL-CARRIER-AND-CARRIER-GT-DECISION-V1.md	no prewar selected GT retrofit; 1942+ aircraft-side option
0.6	CURRENT-HIGHEST	naval option/physical ledger	82-CURRENT-2026-09-09-NAVAL-MARINE-CLOSE/08-1941-NAVAL-PHYSICAL-PROCUREMENT-OPTION-LEDGER-V1.tsv	inventory != technical option value
0.7	CURRENT-HIGHEST	ground vehicle handoff	81-CURRENT-2026-09-09-GROUND-VEHICLE-CLOSE/00-GROUND-VEHICLE-CLOSEOUT-HANDOFF-V14.md	V14 highest ground vehicle authority through 1941
0.8	CURRENT-HIGHEST	1941 ground procurement/physical ledger	81-CURRENT-2026-09-09-GROUND-VEHICLE-CLOSE/01-1941-GROUND-VEHICLE-PROCUREMENT-PHYSICAL-INVENTORY-V1.tsv	500 Chi-Ha new-hull budget and OOB boundary
0.9	CURRENT-HIGHEST	tank/post-opening development branches	81-CURRENT-2026-09-09-GROUND-VEHICLE-CLOSE/02-TANK-FAMILY-AND-POSTWAR-BRANCH-CLOSEOUT-V1.md	20-22t research pair / later 75mm branches
0.2	CURRENT-HIGHEST	helicopter closeout handoff	80-CURRENT-2026-09-08-HELICOPTER-CLOSE/00-HELICOPTER-CLOSEOUT-HANDOFF-V13.md	V13 highest Asai helicopter authority through 1941
0.3	CURRENT-HIGHEST	H1 piston helicopter close	80-CURRENT-2026-09-08-HELICOPTER-CLOSE/01-H1-PISTON-HELICOPTER-CLOSEOUT-1932-1939-V1.md	1932-39 history + Apr1939 geometry/performance
0.4	CURRENT-HIGHEST	Army/Navy helicopter evaluation	80-CURRENT-2026-09-08-HELICOPTER-CLOSE/02-ARMY-NAVY-HELICOPTER-EVALUATION-1939-1941-V1.md	military interest/funding without service backflow
0.5	CURRENT-HIGHEST	H2 turboshaft helicopter close	80-CURRENT-2026-09-08-HELICOPTER-CLOSE/03-H2-E5SS-SMALL-TURBOSHAFT-HELICOPTER-CLOSEOUT-1940-1941-V1.md	330/360shp, 1.35t, mission-test state
0.6	CURRENT-HIGHEST	rotorcraft 1941 physical inventory/OOB boundary	80-CURRENT-2026-09-08-HELICOPTER-CLOSE/04-1941-ROTORCRAFT-PHYSICAL-INVENTORY-OOB-BOUNDARY-V1.tsv	H1/H2/H3 counting rule
0.7	CURRENT-HIGHEST	Kayaba independence guard	80-CURRENT-2026-09-08-HELICOPTER-CLOSE/05-KAYABA-INDEPENDENT-ROTORCRAFT-INTERACTION-GUARD-V1.md	no forced joint design or auto-inventory
0.8	CURRENT-HIGHEST	H3 growth outlook	80-CURRENT-2026-09-08-HELICOPTER-CLOSE/06-H3-MEDIUM-HELICOPTER-GROWTH-OUTLOOK-1941-1942-V1.md	1941 design/rig only, no flight airframe
0.9	CURRENT-HIGHEST	rotorcraft intentional opens	80-CURRENT-2026-09-08-HELICOPTER-CLOSE/07-ROTORCRAFT-INTENTIONAL-OPEN-ITEMS-V1.tsv	measurement/future/independent-branch gates
1.2	CURRENT-HIGHEST	fixed-wing closeout handoff	79-CURRENT-2026-09-08-FIXED-WING-PROCUREMENT-CLOSE/00-FIXED-WING-CLOSEOUT-HANDOFF-V12.md	V12 highest fixed-wing authority
1.3	CURRENT-HIGHEST	1941 fixed-wing procurement ledger	79-CURRENT-2026-09-08-FIXED-WING-PROCUREMENT-CLOSE/01-1941-FIXED-WING-PROCUREMENT-LEDGER-V1.tsv	serial/development procurement boundary
1.4	CURRENT-HIGHEST	OOB counting boundary	79-CURRENT-2026-09-08-FIXED-WING-PROCUREMENT-CLOSE/02-OOB-COUNTING-BOUNDARY-V1.md	factory acceptance is not combat OOB
1.5	CURRENT-HIGHEST	program/designation closeout	79-CURRENT-2026-09-08-FIXED-WING-PROCUREMENT-CLOSE/03-PROGRAM-AND-DESIGNATION-CLOSEOUT-V1.md	A7M/A8N/E6-B/Ki-76/Ki-40/J2N authority
1.6	CURRENT-HIGHEST	STOL/powered-lift closeout	79-CURRENT-2026-09-08-FIXED-WING-PROCUREMENT-CLOSE/04-POWERED-LIFT-AND-STOL-CLOSEOUT-V1.md	P2 field performance and 1941 powered-lift gate
1.7	CURRENT-HIGHEST	fixed-wing intentional opens	79-CURRENT-2026-09-08-FIXED-WING-PROCUREMENT-CLOSE/05-FIXED-WING-INTENTIONAL-OPEN-ITEMS-V1.tsv	non-blocking measurement/drawing/future gates
2.2	CURRENT-HIGHEST	aircraft development handoff	78-CURRENT-2026-09-08-AIRCRAFT-DEVELOPMENT-CLOSE/00-AIRCRAFT-DEVELOPMENT-HANDOFF-V11.md	V11 aircraft-development authority
2.3	CURRENT-HIGHEST	aircraft chronology	78-CURRENT-2026-09-08-AIRCRAFT-DEVELOPMENT-CLOSE/01-AIRCRAFT-DEVELOPMENT-CHRONOLOGY-1935-1941-V1.md	development history through 1941
2.4	CURRENT-HIGHEST	aircraft performance master	78-CURRENT-2026-09-08-AIRCRAFT-DEVELOPMENT-CLOSE/02-AIRCRAFT-PERFORMANCE-MASTER-THROUGH-1941-V1.tsv	current/working status and no-close markers
2.5	CURRENT-HIGHEST	designation gate ledger	78-CURRENT-2026-09-08-AIRCRAFT-DEVELOPMENT-CLOSE/04-AIRCRAFT-DESIGNATION-GATE-LEDGER-V1.tsv	name/number control
2.6	CURRENT-HIGHEST	aircraft quarantine rules	78-CURRENT-2026-09-08-AIRCRAFT-DEVELOPMENT-CLOSE/05-AIRCRAFT-RESEARCH-QUARANTINE-RULES-V1.md	old branch no-auto-import rule
2.7	CURRENT-HIGHEST	industrial feasibility	78-CURRENT-2026-09-08-AIRCRAFT-DEVELOPMENT-CLOSE/07-INDUSTRIAL-CAPACITY-AND-T-AUX-CLOSEOUT-1939-1941-V1.md	core/T-AUX/T5/prewar airframe resource closure
3	CURRENT-HIGHEST	session handoff	77-CURRENT-2026-09-07-SESSION-CLOSE/00-SESSION-HANDOFF-V10.md	current session decisions
4	CURRENT-HIGHEST	next gate	77-CURRENT-2026-09-07-SESSION-CLOSE/01-NEXT-GATE-1940-WEAPONS-REVIEW-V10.md	do not advance 1940 before review
5	CURRENT-HIGHEST	correction register	77-CURRENT-2026-09-07-SESSION-CLOSE/02-CORRECTION-REGISTER-V10.tsv	post-V9 supersession/correction authority
6	CURRENT-HIGHEST	current clocks	77-CURRENT-2026-09-07-SESSION-CLOSE/03-CURRENT-CLOCKS-V10.tsv	China Dec31 / Nomonhan Aug31 / 1940 not started
7	CURRENT-HIGH	1938 retro airpower final	72-CURRENT-RETRO-AIRPOWER-1938-1939/ASAI-1938-RETRO-REPLAY-FINAL-CLOSEOUT-V2.md	supersedes post-V9 final V1
8	CURRENT-HIGH	1939 opening air OOB reconciliation	72-CURRENT-RETRO-AIRPOWER-1938-1939/ASAI-1939-09-17-AIRPOWER-OPENING-RECONCILIATION-V1.md	E5/Ki42 pure-addition correction
9	CURRENT-HIGH	Nomonhan final revision	73-CURRENT-NOMONHAN-REVISED-V10/ASAI-NOMONHAN-1939-08-24-31-FINAL-REVISION-V8.md	supersedes V9 terminal loss/outcome numbers where revised
10	CURRENT-HIGH	China post-Jun20 chronological replay	74-CURRENT-CHINA-1939-REPLAY-V10/	chronological current authority through Dec31
11	CURRENT-HIGH	post-Nomonhan China reallocation	74-CURRENT-CHINA-1939-REPLAY-V10/ASAI-1939-09-10-31-POST-NOMONHAN-CHINA-REALLOCATION-CLOSEOUT-V2.md	supersedes RETURN V1
12	CURRENT-HIGH	First Changsha final	74-CURRENT-CHINA-1939-REPLAY-V10/ASAI-FIRST-CHANGSHA-1939-10-01-09-FINAL-CLOSEOUT-V4.md	campaign closed
13	CURRENT-HIGH	1939 winter final	74-CURRENT-CHINA-1939-REPLAY-V10/ASAI-CHINA-1939-12-19-31-WINTER-OFFENSIVE-CENTRAL-NORTH-KUNLUN-V2.md	year-end checkpoint
14	CURRENT-HIGH	aux fuel/drop tanks	75-CURRENT-TECHNICAL-ADDENDA-V10/ASAI-E5-KI42-AUX-FUEL-DROP-TANK-CLOSEOUT-1937-1939-V1.md	fuel hardware explicit; no retro range multiplier
14.1	CURRENT-HIGH	E6 Twin performance/fuel/FRP rebase	75-CURRENT-TECHNICAL-ADDENDA-V10/ASAI-E6-TWIN-J-JF-PERFORMANCE-FUEL-FRP-REBASELINE-1939-1940-V1.md	supersedes stale Twin4/Single2 evaluation-only planning; no combat-clock advance
14.1	CURRENT-HIGH	E6 Single performance/service-production	75-CURRENT-TECHNICAL-ADDENDA-V10/ASAI-E6-SINGLE-PERFORMANCE-SERVICE-PROCUREMENT-CLOSEOUT-1939-1940-V1.md	closes 1939 first-flight gap, service performance, cost and 1940 serial-production posture
14.11	CURRENT-HIGH	E6 Single performance/procurement ledger	75-CURRENT-TECHNICAL-ADDENDA-V10/ASAI-E6-SINGLE-PERFORMANCE-SERVICE-PROCUREMENT-LEDGER-V1.tsv	structured E6 Single 1939-40 values
14.12	CURRENT-HIGH	E5/E6 Navy recon-land attack / Type91 lineage	75-CURRENT-TECHNICAL-ADDENDA-V10/ASAI-E5-E6-NAVAL-RECON-LAND-ATTACK-TORPEDO-LINEAGE-1938-1941-V1.md	closes Type98/Type0 naval naming, G4As torpedo derivative and 1941 Type91 high-speed qualification; no combat-clock advance
14.13	CURRENT-HIGH	Navy carrier attack/dive-bomber delta summary	75-CURRENT-TECHNICAL-ADDENDA-V10/ASAI-NAVY-CARRIER-ATTACK-DIVE-BOMBER-DELTA-SUMMARY-1939-1942-V1.md	B5N2/D3A1 existing changes; B6N/B7A inheritance
13.13.21	CURRENT-HIGH	D3A1 piston/TP/dive-bombing closeout	75-CURRENT-TECHNICAL-ADDENDA-V10/ASAI-D3A1-PISTON-TP-DIVE-BOMBING-COMPARATIVE-CLOSEOUT-1939-1941-V1.md	closes EX2 piston baseline, dive-bomb hit-realization bands, TP test-only decision and D4Y replacement opportunity gate
14.22	CURRENT-HIGH	D3A1 comparative/dive-bombing ledger	75-CURRENT-TECHNICAL-ADDENDA-V10/ASAI-D3A1-PISTON-TP-DIVE-BOMBING-LEDGER-V1.tsv	structured airframe/performance/release/hit/TP/replacement values
14.23	CURRENT-HIGH	G4M1 piston/TP/long-range attack closeout	75-CURRENT-TECHNICAL-ADDENDA-V10/ASAI-G4M1-PISTON-TP-LONGRANGE-ATTACK-COMPARATIVE-CLOSEOUT-1939-1941-V1.md	closes EX2 piston baseline, long-range torpedo role, level-bombing guard, TP rejection and ramp opportunity
14.24	CURRENT-HIGH	G4M1 comparative attack ledger	75-CURRENT-TECHNICAL-ADDENDA-V10/ASAI-G4M1-PISTON-TP-LONGRANGE-ATTACK-COMPARATIVE-LEDGER-V1.tsv	structured performance/radius/bombing/TP/replacement values
15	CURRENT-HIGH	Navy aircraft/torpedo naming-inheritance ledger	75-CURRENT-TECHNICAL-ADDENDA-V10/ASAI-NAVAL-AIRCRAFT-TORPEDO-NAMING-INHERITANCE-LEDGER-V1.tsv	structured naming, torpedo-speed and inheritance closure
14.15	CURRENT-HIGH	B5N2 piston/TP comparative closeout	75-CURRENT-TECHNICAL-ADDENDA-V10/ASAI-B5N2-PISTON-TP-COMPARATIVE-CLOSEOUT-1939-1941-V1.md	closes worldline B5N2 performance baseline, test-only E5-S-T conversion and 1941 Type91 inheritance
14.16	CURRENT-HIGH	B5N2 piston/TP comparative ledger	75-CURRENT-TECHNICAL-ADDENDA-V10/ASAI-B5N2-PISTON-TP-COMPARATIVE-LEDGER-V1.tsv	structured historical anchors, EX2 delta, TP H->A and procurement verdict
14.17	CURRENT-HIGH	G3M2 piston/TP comparative closeout	75-CURRENT-TECHNICAL-ADDENDA-V10/ASAI-G3M2-PISTON-TP-COMPARATIVE-CLOSEOUT-1939-1941-V1.md	closes G3M2 long-range gasoline baseline and rejects serial E5/E6-S-T G3M conversion
14.18	CURRENT-HIGH	G3M2 piston/TP comparative ledger	75-CURRENT-TECHNICAL-ADDENDA-V10/ASAI-G3M2-PISTON-TP-COMPARATIVE-LEDGER-V1.tsv	structured G3M2 historical anchors, EX2 delta, torpedo-radius and TP comparisons
14.2	CURRENT-HIGH	E6 Twin cost/procurement rebase	75-CURRENT-TECHNICAL-ADDENDA-V10/ASAI-E6-TWIN-COST-PROCUREMENT-REBASELINE-1939-1940-V1.md	supersedes E6REBASE1 36-60 pilot-production band; 144 firm-order class +72 option / 120-156 accepted planning
14.3	CURRENT-HIGH	E6 Twin cost/procurement ledger	75-CURRENT-TECHNICAL-ADDENDA-V10/ASAI-E6-TWIN-COST-PROCUREMENT-LEDGER-V1.tsv	structured cost and 1940 ramp values
14.4	CURRENT-HIGH	E6 Twin mission/armament/high-speed release	75-CURRENT-TECHNICAL-ADDENDA-V10/ASAI-E6-TWIN-MISSION-ARMAMENT-HIGHSPEED-RELEASE-CLOSURE-1939-1940-V1.md	closes two-seat common mission architecture, ~0.40t internal bay, HSR/HSC service-release family; no combat-clock advance
14.5	CURRENT-HIGH	E6 Twin mission/release ledger	75-CURRENT-TECHNICAL-ADDENDA-V10/ASAI-E6-TWIN-MISSION-ARMAMENT-HIGHSPEED-RELEASE-LEDGER-V1.tsv	structured mission weights/load/release values
14.6	CURRENT-HIGH	E6 FRP ordnance carriage/high-speed stores	75-CURRENT-TECHNICAL-ADDENDA-V10/ASAI-E6-FRP-ORDNANCE-CARRIAGE-HIGHSPEED-STORE-CLOSURE-1939-1940-V1.md	refines E6MISSION1 with S6/S4/M1 adapters, HSR 50/60/100/250 and FRP store architecture; no combat-clock advance
14.7	CURRENT-HIGH	E6 FRP ordnance carriage ledger	75-CURRENT-TECHNICAL-ADDENDA-V10/ASAI-E6-FRP-ORDNANCE-CARRIAGE-HIGHSPEED-STORE-LEDGER-V1.tsv	structured adapter/store/release/material values
14.8	CURRENT-HIGH	E5/E6 1940 production transition / fleet accumulation	75-CURRENT-TECHNICAL-ADDENDA-V10/ASAI-E5-E6-1940-PRODUCTION-TRANSITION-FLEET-ACCUMULATION-CLOSEOUT-V1.md	closes residual 1939 E5 firm order and 1940 E5->E6 production-share transition; combat clock unchanged
14.9	CURRENT-HIGH	E5/E6 monthly transition ledger	75-CURRENT-TECHNICAL-ADDENDA-V10/ASAI-E5-E6-1940-PRODUCTION-TRANSITION-FLEET-LEDGER-V1.tsv	central 1940 acceptance/attrition-stock planning; losses are allowances not pre-recorded events
14.19	CURRENT-HIGH	1941 year-end aerial torpedo effectiveness/employment	75-CURRENT-TECHNICAL-ADDENDA-V10/ASAI-1941-YEAREND-NAVAL-AERIAL-TORPEDO-EFFECTIVENESS-EMPLOYMENT-CLOSEOUT-V1.md	closes Mod1/Mod2 power/reliability, valid-release hit bands, damage ladder and multi-axis employment; no combat-clock advance
14.2	CURRENT-HIGH	1941 aerial torpedo effectiveness/employment ledger	75-CURRENT-TECHNICAL-ADDENDA-V10/ASAI-1941-YEAREND-NAVAL-AERIAL-TORPEDO-EFFECTIVENESS-EMPLOYMENT-LEDGER-V1.tsv	structured weapon/reliability/hit-band/platform/formation planning values
14.21	CURRENT-HIGH	D3A1 piston/TP/dive-bombing closeout	75-CURRENT-TECHNICAL-ADDENDA-V10/ASAI-D3A1-PISTON-TP-DIVE-BOMBING-COMPARATIVE-CLOSEOUT-1939-1941-V1.md	closes EX2 piston baseline, dive-bomb hit-realization bands, TP test-only decision and D4Y replacement opportunity gate
14.22	CURRENT-HIGH	D3A1 comparative/dive-bombing ledger	75-CURRENT-TECHNICAL-ADDENDA-V10/ASAI-D3A1-PISTON-TP-DIVE-BOMBING-LEDGER-V1.tsv	structured airframe/performance/release/hit/TP/replacement values
14.23	CURRENT-HIGH	G4M1 piston/TP/long-range attack closeout	75-CURRENT-TECHNICAL-ADDENDA-V10/ASAI-G4M1-PISTON-TP-LONGRANGE-ATTACK-COMPARATIVE-CLOSEOUT-1939-1941-V1.md	closes EX2 piston baseline, long-range torpedo role, level-bombing guard, TP rejection and ramp opportunity
14.24	CURRENT-HIGH	G4M1 comparative attack ledger	75-CURRENT-TECHNICAL-ADDENDA-V10/ASAI-G4M1-PISTON-TP-LONGRANGE-ATTACK-COMPARATIVE-LEDGER-V1.tsv	structured performance/radius/bombing/TP/replacement values
15	CURRENT-HIGH	wet/heavy mobility/Chi-Ha	75-CURRENT-TECHNICAL-ADDENDA-V10/ASAI-1939-WET-WEATHER-RIVER-CROSSING-HEAVY-MOBILITY-CHIHA-CLOSEOUT-V1.md	WET1 / 200-220hp / no deep wading
16	CURRENT-HIGH	winter GT	75-CURRENT-TECHNICAL-ADDENDA-V10/ASAI-1939-WINTER-GT-COLD-START-HEAT-SUPPORT-CLOSEOUT-V1.md	temperature-banded supported-cluster effect
17	CURRENT-NEXT	1940 weapon appearance	76-CURRENT-1940-WEAPON-GATE-V10/ASAI-1940-WEAPON-APPEARANCE-FIELDING-LEDGER-V1.md	planning gate; combat clock not advanced
17.1	CURRENT-HIGH	cross-theater V2 ledger	74-CURRENT-CHINA-1939-REPLAY-V10/ASAI-1939-POST-NOMONHAN-CHINA-CROSS-THEATER-LEDGER-V2.tsv	supersedes V1 return wording
17.2	CURRENT-HIGH	cumulative audit through 1939	77-CURRENT-2026-09-07-SESSION-CLOSE/04-CUMULATIVE-AUDIT-THROUGH-1939-12-31-V10.md	aggregates only already-closed deltas
18	CURRENT-BASE	V9 technical control	71-CURRENT-TECHNICAL-CONTROL-V9/	still mandatory unless V10 technical addendum overrides
19	PROVENANCE	V9 session close	70-CURRENT-2026-09-05-SESSION-CLOSE/00-SESSION-HANDOFF-V9.md	baseline/provenance; Nomonhan/China clock superseded by V10
100	PROVENANCE-SUPERSEDED	post-V9 stale drafts	90-PROVENANCE-SUPERSEDED-POST-V9/	not current authority
14.25	CURRENT-HIGH	E7/E6 airframe retrofit prewar outlook	75-CURRENT-TECHNICAL-ADDENDA-V10/ASAI-E7-E6-AIRFRAME-RETROFIT-PREWAR-OUTLOOK-1940-1942-V1.md	1940-41 E7 research-close schedule, E6 Single/Twin retrofit H->A and future-aircraft engine-review rule
14.26	CURRENT-HIGH	E7/E6 retrofit outlook ledger	75-CURRENT-TECHNICAL-ADDENDA-V10/ASAI-E7-E6-AIRFRAME-RETROFIT-PREWAR-OUTLOOK-LEDGER-V1.tsv	structured schedule/capability/performance/design-target values
14.27	CURRENT-HIGH	E7 turboprop/shaft prewar outlook	75-CURRENT-TECHNICAL-ADDENDA-V10/ASAI-E7-TURBOPROP-SHAFT-PRODUCT-PREWAR-OUTLOOK-1940-1942-V1.md	E7 scale-sensitive shaft/TP product bands, B6N comparator, AT-3 growth and propeller gates; no future combat advance
14.28	CURRENT-HIGH	E7 turboprop/shaft outlook ledger	75-CURRENT-TECHNICAL-ADDENDA-V10/ASAI-E7-TURBOPROP-SHAFT-PRODUCT-PREWAR-OUTLOOK-LEDGER-V1.tsv	structured E7 S/M/L shaft-product and aircraft-selection outlook values
14.29	CURRENT-HIGH	B6N Tenzan piston/E6-S-T/E7-M-LF comparative outlook	75-CURRENT-TECHNICAL-ADDENDA-V10/ASAI-B6N-TENZAN-PISTON-E6ST-E7M-TP-COMPARATIVE-OUTLOOK-1939-1942-V1.md	14-Shi carrier geometry; E7 lower-medium TP conditional main candidate; no future service pre-recorded
14.3	CURRENT-HIGH	B6N Tenzan comparative ledger	75-CURRENT-TECHNICAL-ADDENDA-V10/ASAI-B6N-TENZAN-PISTON-E6ST-E7M-TP-COMPARATIVE-LEDGER-V1.tsv	structured piston/E6-S-T/E7-M-LF mass/performance/range/schedule outlook
14.31	CURRENT-HIGH	D4Y Suisei piston/E7-S-T comparative outlook	75-CURRENT-TECHNICAL-ADDENDA-V10/ASAI-D4Y-SUISEI-PISTON-E7ST-TP-COMPARATIVE-OUTLOOK-1940-1942-V1.md	clean Atsuta comparator; E7-S-T small-core recon/fast-strike conditional branch; structural/replacement timing
14.32	CURRENT-HIGH	D4Y comparative ledger	75-CURRENT-TECHNICAL-ADDENDA-V10/ASAI-D4Y-SUISEI-PISTON-E7ST-TP-COMPARATIVE-LEDGER-V1.tsv	structured mass/speed/range/dive/schedule/procurement outlook
14.33	CURRENT-HIGH	naval carrier TP D4Y/B6N application split	75-CURRENT-TECHNICAL-ADDENDA-V10/ASAI-NAVY-CARRIER-TP-APPLICATION-SPLIT-D4Y-B6N-1941-1942-V1.md	E7-S vs E7-M scale split and shared naval bottlenecks
14.34	CURRENT-HIGH	E5-derived E6 fast-heavy-bomber outlook	75-CURRENT-TECHNICAL-ADDENDA-V10/ASAI-E5-DERIVED-E6-FAST-HEAVY-BOMBER-OUTLOOK-1938-1941-V1.md	E5 attack-driven dedicated 1.0-1.2t internal fast-bomber branch; E7 growth outlook; no future service pre-recorded
14.35	CURRENT-HIGH	E6 fast-heavy-bomber outlook ledger	75-CURRENT-TECHNICAL-ADDENDA-V10/ASAI-E5-DERIVED-E6-FAST-HEAVY-BOMBER-OUTLOOK-LEDGER-V1.tsv	structured requirement/mass/payload/performance/radius/E7-growth values
14.36	CURRENT-HIGH	E5/E6/E7 aircraft-engine family Army/Navy matrix	75-CURRENT-TECHNICAL-ADDENDA-V10/ASAI-AIRCRAFT-ENGINE-GENERATION-FAMILY-ARMY-NAVY-MATRIX-1937-1942-V1.md	generation/core-scale/backend/airframe/service hierarchy; same-engine multiple-airframe and same-generation cross-core closure
14.37	CURRENT-HIGH	E5/E6/E7 aircraft-engine family structured ledger	75-CURRENT-TECHNICAL-ADDENDA-V10/ASAI-AIRCRAFT-ENGINE-GENERATION-FAMILY-ARMY-NAVY-LEDGER-1937-1942-V1.tsv	structured E5-E7 engine-product/airframe/service crosswalk
14.38	CURRENT-HIGH	aircraft nomenclature alias/restoration guard	75-CURRENT-TECHNICAL-ADDENDA-V10/ASAI-AIRCRAFT-NOMENCLATURE-ALIAS-RESTORATION-GUARD-V1.md	separates technical identity from provisional service naming; preserves old labels and permits formal restoration
14.39	CURRENT-HIGH	aircraft nomenclature alias/restoration ledger	75-CURRENT-TECHNICAL-ADDENDA-V10/ASAI-AIRCRAFT-NOMENCLATURE-ALIAS-RESTORATION-LEDGER-V1.tsv	structured protected/prior labels vs working aliases
