event_id	time	event	historical_baseline	branch_delta	status	asai_relevance	next_gate
E-19370726-GA-01	1937-07-26 daytime	Infantry 2nd Regiment 2nd Battalion moves by rail to Fengtai and transfers to a 26-truck convoy for Peiping resident protection	historical transfer setup	same	CLOSED-SAME	Exact convoy truck types are not auto-assigned Asai turbo specification	15:20 gate condition
E-19370726-GA-02	1937-07-26 ~15:20	Advance interpreter reaches Guang'anmen; Chinese defenders close the gate and begin heightened weapon preparation	historical pre-arrival gate closure	same	CLOSED-SAME	Occurs before main convoy arrival; not a vehicle-performance consequence	~16:00 negotiation
E-19370726-GA-03	1937-07-26 ~16:00	Sakurai negotiates a first opening / passage permission with local martial-law command	historical first negotiated opening	same	CLOSED-SAME	Local liaison works; no Asai communications failure to repair	main-body timing
E-19370726-GA-04	1937-07-26 ~16:00-17:00	Main body fails to reach the planned opening because departure from Fengtai is late; arrival is more than an hour behind plan	historical late Fengtai departure	same; cause remains non-mechanical unless proven otherwise	CLOSED-SAME	Source localizes delay to departure, not road speed/breakdown; no evidence Asai changes its cause	renewed closure/negotiation
E-19370726-GA-05	1937-07-26 ~17:40	After gate is reclosed and alert rises, renewed negotiation produces another order to open Guang'anmen	historical renewed opening order	same	CLOSED-SAME	Political/security negotiation, not truck performance	18:20 entry
E-19370726-GA-06	1937-07-26 ~18:20	Japanese truck column begins entry; gate is closed and firing erupts during the early portion of passage	historical Guang'anmen clash	same	CLOSED-SAME	No activated Asai timing divergence; punctual-arrival avoidance remains counterfactual-only	split-column fight
E-19370726-GA-07	1937-07-26 evening	Column is split; some trucks/troops are inside while remainder disengages outside; close-range rifle/MG/grenade/mortar fighting continues	historical split-column firefight	same order of effect; exact vehicle count/casualties open	CLOSED-SAME	Small-arms QC may affect micro-reliability only; artillery computation and dense-core AP are irrelevant	Tientsin command reaction
E-19370726-GA-08	1937-07-26 ~22:20	Tientsin headquarters, fearing from fragmentary reports that the battalion may have been destroyed, orders attack from noon 27 Jul	historical immediate operational reaction	same	CLOSED-SAME	No dense tactical-radio revolution supplies an instantly complete picture	04:30 reassessment
E-19370727-GA-09	1937-07-27 ~04:30	Attack opening is temporarily postponed after fuller information, Matsui recommendation, 28 Jul ultimatum deadline and incomplete civilian evacuation	historical temporary postponement	same	CLOSED-SAME	Decision constraints dominate; Asai readiness does not erase ultimatum/evacuation timing	27-28 Jul final decision
