theater	formation_or_group	date	baseline_class	asai_class	P_baseline	P_asai	F_baseline	F_asai	M_baseline	M_asai	S_baseline	S_asai	ruling
Shanghai	IJA 3rd/11th Divisions (veteran group)	1937-10-26	C+/B-	B-/C+	55-64	57-66	70-79	74-83	60-70	64-74	64-73	69-78	Still worn; Asai preserves support/readiness, not freshness
Shanghai	IJA 101st Division	1937-10-26	C	C/C+	50-60	52-62	66-75	70-79	56-66	60-70	60-69	65-74	Not suitable as a fresh exploitation division
Shanghai	IJA 9th Division	1937-10-26	B-	B-	63-71	65-73	77-84	80-87	68-76	72-80	70-78	75-83	Remains usable for major attack, but worn
Shanghai	IJA 13th Division	1937-10-26	B	B/B+	70-78	72-80	80-87	83-90	73-81	77-85	75-83	80-88	Comparatively fresh
Shanghai	NRA old Central Army Dachang defenders	1937-10-26	C/C-	C-/C	38-50	36-49	45-58	44-57	40-52	39-51	40-53	39-52	Division structures survive; D-level battalions/remnants common
Shanghai	NRA Guangxi 21st Group Army components	1937-10-24/26	C- with D subunits	C- with more D subunits	38-52	36-50	45-58	44-57	42-55	41-54	43-56	42-55	Rapid fall from fresh status after 21–23 Oct counterattack; no whole-corps annihilation ruling
North China	IJA 20th Division	1937-10-26	B-/C+	B-/B	66-74	68-76	74-82	78-86	66-75	70-79	68-77	73-82	Can continue pursuit; fatigue remains
North China	NRA Niangzi Pass defense	1937-10-26	C-/D components	C-/D components	35-50	34-49	40-55	39-54	35-50	34-49	35-50	34-49	Operational cohesion breaks; some subunits require reconstitution
North China	IJA 109th Division / Hsiyang detachment support	1937-10-26	Mobility constrained	Mobility constrained	70-82	71-83	72-82	74-84	45-58	46-60	55-68	57-70	Pack-horse shortage remains binding; no calendar acceleration
