label_or_identity	technical_identity	pre_gate_name_rule	formal_gate	1941_status	quarantine_guard
A7M / Gaifu	E6 turboprop carrier-fighter program descended from X-TP	use X-TP/TP carrier-fighter research before formal request; do not back-date A7M	Navy formal prototype requirement after E6 re-fix	identity protected; working prototype 1941	old E5 Gaifu Ichiichi mass-fighter values forbidden
A8N / Sakufu	dedicated carrier-jet program from STOL+JF schools	use carrier-jet demonstrator/research before formal request	Navy formal dedicated carrier-fighter program	identity protected; working prototype 1941Q3	old speed/approach only usable if revalidated; no 1941 carrier-service auto-claim
J2N / Hekireki	dedicated heavy twin-jet interceptor if requirement survives common E6 comparison	use dedicated heavy-twin-jet study before formal request	heavy/night/all-weather/radar/firepower requirement approval	identity protected; program gate only by default	old one-seat 14m2 / obsolete E6-thrust tables forbidden
Ki-40	possible TP high-altitude Army recon designation	use TP high-altitude recon study before formal code assignment	Army formal prototype/designation review	candidate only	old E5 Twin Ki-40 evaluation/allocation label remains provenance only
R1As	Navy E5 reconnaissance lineage	current older label preserved as current per V10	already current	current	do not confuse with conventional C5M naming
R2As	Navy E6 reconnaissance technical branch	working alias under NAMEGUARD1 unless independently attested	formal naming gate remains separate	technical branch current	do not infer official period name from current shorthand
G4As/G4As1	Navy E6 high-speed land-attack technical branch	working alias under NAMEGUARD1 unless independently attested	formal naming gate remains separate	technical branch current	do not import G4M hardware/range
E6-B	dedicated fast-heavy twin	E6-B remains working branch label	service/designation gate after prototype evaluation	outlook/working	do not assign historical Ki/G code merely by mission resemblance
Ki-76 lineage	military STOL derivative from P1/P2 school	use military STOL project until formal gate	Army liaison/observation prototype acceptance	working	P2 product is not automatically Ki-76 hardware
